action_type,activity_comment,activity_id,activity_properties,assay_chembl_id,assay_description,assay_type,assay_variant_accession,assay_variant_mutation,bao_endpoint,bao_format,bao_label,canonical_smiles,data_validity_comment,data_validity_description,document_chembl_id,document_journal,document_year,ligand_efficiency,molecule_chembl_id,molecule_pref_name,parent_molecule_chembl_id,pchembl_value,potential_duplicate,qudt_units,record_id,relation,src_id,standard_flag,standard_relation,standard_text_value,standard_type,standard_units,standard_upper_value,standard_value,target_chembl_id,target_organism,target_pref_name,target_tax_id,text_value,toid,type,units,uo_units,upper_value,value
,,10861355,[],CHEMBL2020901,Inhibition of Mycobacterium tuberculosis GST-fused PknB expressed in Escherichia coli assessed as GarA substrate phosphorylation after 30 mins,B,,,BAO_0000190,BAO_0000019,assay format,Cc1cc(Nc2nc(-c3ccncc3)nc3ccccc23)n[nH]1,,,CHEMBL2016574,Bioorg Med Chem Lett,2012,"{'bei': '19.41', 'le': '0.35', 'lle': '2.40', 'sei': '7.39'}",CHEMBL549536,,CHEMBL549536,5.87,0,http://www.openphacts.org/units/Nanomolar,1635318,=,1,1,=,,IC50,nM,,1350.0,CHEMBL1908385,Mycobacterium tuberculosis,Serine/threonine-protein kinase pknB,1773,,,IC50,uM,UO_0000065,,1.35
,,10861356,[],CHEMBL2020901,Inhibition of Mycobacterium tuberculosis GST-fused PknB expressed in Escherichia coli assessed as GarA substrate phosphorylation after 30 mins,B,,,BAO_0000190,BAO_0000019,assay format,c1ccc2c(Nc3cc(C4CC4)[nH]n3)nc(-c3ccncc3)nc2c1,,,CHEMBL2016574,Bioorg Med Chem Lett,2012,"{'bei': '19.77', 'le': '0.35', 'lle': '2.45', 'sei': '8.18'}",CHEMBL2017707,,CHEMBL2017707,6.49,0,http://www.openphacts.org/units/Nanomolar,1635319,=,1,1,=,,IC50,nM,,322.0,CHEMBL1908385,Mycobacterium tuberculosis,Serine/threonine-protein kinase pknB,1773,,,IC50,uM,UO_0000065,,0.322
,,10861357,[],CHEMBL2020901,Inhibition of Mycobacterium tuberculosis GST-fused PknB expressed in Escherichia coli assessed as GarA substrate phosphorylation after 30 mins,B,,,BAO_0000190,BAO_0000019,assay format,Fc1ccc(-c2nc(Nc3cc[nH]n3)c3ccccc3n2)cc1,,,CHEMBL2016574,Bioorg Med Chem Lett,2012,"{'bei': '20.78', 'le': '0.38', 'lle': '2.44', 'sei': '9.54'}",CHEMBL2017708,,CHEMBL2017708,6.34,0,http://www.openphacts.org/units/Nanomolar,1635320,=,1,1,=,,IC50,nM,,453.0,CHEMBL1908385,Mycobacterium tuberculosis,Serine/threonine-protein kinase pknB,1773,,,IC50,uM,UO_0000065,,0.453
,,10861358,[],CHEMBL2020901,Inhibition of Mycobacterium tuberculosis GST-fused PknB expressed in Escherichia coli assessed as GarA substrate phosphorylation after 30 mins,B,,,BAO_0000190,BAO_0000019,assay format,Cc1cc(Nc2nc(-c3ccc(F)cc3)nc3ccccc23)n[nH]1,,,CHEMBL2016574,Bioorg Med Chem Lett,2012,"{'bei': '18.58', 'le': '0.34', 'lle': '1.72', 'sei': '8.93'}",CHEMBL2017709,,CHEMBL2017709,5.93,0,http://www.openphacts.org/units/Nanomolar,1635321,=,1,1,=,,IC50,nM,,1162.0,CHEMBL1908385,Mycobacterium tuberculosis,Serine/threonine-protein kinase pknB,1773,,,IC50,uM,UO_0000065,,1.162
,,10861359,[],CHEMBL2020901,Inhibition of Mycobacterium tuberculosis GST-fused PknB expressed in Escherichia coli assessed as GarA substrate phosphorylation after 30 mins,B,,,BAO_0000190,BAO_0000019,assay format,Fc1ccc(-c2nc(Nc3cc(C4CC4)[nH]n3)c3ccccc3n2)cc1,,,CHEMBL2016574,Bioorg Med Chem Lett,2012,"{'bei': '19.26', 'le': '0.35', 'lle': '1.87', 'sei': '10.00'}",CHEMBL2017710,,CHEMBL2017710,6.65,0,http://www.openphacts.org/units/Nanomolar,1635322,=,1,1,=,,IC50,nM,,223.0,CHEMBL1908385,Mycobacterium tuberculosis,Serine/threonine-protein kinase pknB,1773,,,IC50,uM,UO_0000065,,0.223
,,10861360,[],CHEMBL2020901,Inhibition of Mycobacterium tuberculosis GST-fused PknB expressed in Escherichia coli assessed as GarA substrate phosphorylation after 30 mins,B,,,BAO_0000190,BAO_0000019,assay format,c1ccc(-c2nc(Nc3cc(C4CC4)[nH]n3)c3ccccc3n2)cc1,,,CHEMBL2016574,Bioorg Med Chem Lett,2012,"{'bei': '19.42', 'le': '0.35', 'lle': '1.72', 'sei': '9.56'}",CHEMBL2017711,,CHEMBL2017711,6.36,0,http://www.openphacts.org/units/Nanomolar,1635323,=,1,1,=,,IC50,nM,,440.0,CHEMBL1908385,Mycobacterium tuberculosis,Serine/threonine-protein kinase pknB,1773,,,IC50,uM,UO_0000065,,0.44
,,10861361,[],CHEMBL2020901,Inhibition of Mycobacterium tuberculosis GST-fused PknB expressed in Escherichia coli assessed as GarA substrate phosphorylation after 30 mins,B,,,BAO_0000190,BAO_0000019,assay format,c1ccc2c(Nc3cc(C4CC4)[nH]n3)nc(NC3CCCCC3)nc2c1,,,CHEMBL2016574,Bioorg Med Chem Lett,2012,"{'bei': '20.00', 'le': '0.37', 'lle': '2.25', 'sei': '8.88'}",CHEMBL2017712,,CHEMBL2017712,6.97,0,http://www.openphacts.org/units/Nanomolar,1635324,=,1,1,=,,IC50,nM,,107.0,CHEMBL1908385,Mycobacterium tuberculosis,Serine/threonine-protein kinase pknB,1773,,,IC50,uM,UO_0000065,,0.107
,,10861362,[],CHEMBL2020901,Inhibition of Mycobacterium tuberculosis GST-fused PknB expressed in Escherichia coli assessed as GarA substrate phosphorylation after 30 mins,B,,,BAO_0000190,BAO_0000019,assay format,c1ccc2c(Nc3cc(C4CC4)[nH]n3)nc(NCC3CC3)nc2c1,,,CHEMBL2016574,Bioorg Med Chem Lett,2012,"{'bei': '19.88', 'le': '0.36', 'lle': '2.57', 'sei': '8.11'}",CHEMBL2017713,,CHEMBL2017713,6.37,0,http://www.openphacts.org/units/Nanomolar,1635325,=,1,1,=,,IC50,nM,,428.0,CHEMBL1908385,Mycobacterium tuberculosis,Serine/threonine-protein kinase pknB,1773,,,IC50,uM,UO_0000065,,0.428
,,10861363,[],CHEMBL2020901,Inhibition of Mycobacterium tuberculosis GST-fused PknB expressed in Escherichia coli assessed as GarA substrate phosphorylation after 30 mins,B,,,BAO_0000190,BAO_0000019,assay format,Fc1ccc(-c2nccc(Nc3cc(C4CC4)[nH]n3)n2)cc1,,,CHEMBL2016574,Bioorg Med Chem Lett,2012,"{'bei': '21.76', 'le': '0.40', 'lle': '2.80', 'sei': '9.66'}",CHEMBL2017714,,CHEMBL2017714,6.43,0,http://www.openphacts.org/units/Nanomolar,1635326,=,1,1,=,,IC50,nM,,375.0,CHEMBL1908385,Mycobacterium tuberculosis,Serine/threonine-protein kinase pknB,1773,,,IC50,uM,UO_0000065,,0.375
,,10861364,[],CHEMBL2020901,Inhibition of Mycobacterium tuberculosis GST-fused PknB expressed in Escherichia coli assessed as GarA substrate phosphorylation after 30 mins,B,,,BAO_0000190,BAO_0000019,assay format,NC(=O)c1cccc(-c2nccc(Nc3cc(C4CC4)[nH]n3)n2)c1,,,CHEMBL2016574,Bioorg Med Chem Lett,2012,"{'bei': '20.03', 'le': '0.37', 'lle': '3.83', 'sei': '5.85'}",CHEMBL2017715,,CHEMBL2017715,6.42,0,http://www.openphacts.org/units/Nanomolar,1635327,=,1,1,=,,IC50,nM,,384.0,CHEMBL1908385,Mycobacterium tuberculosis,Serine/threonine-protein kinase pknB,1773,,,IC50,uM,UO_0000065,,0.384
,,10861365,[],CHEMBL2020901,Inhibition of Mycobacterium tuberculosis GST-fused PknB expressed in Escherichia coli assessed as GarA substrate phosphorylation after 30 mins,B,,,BAO_0000190,BAO_0000019,assay format,CS(=O)(=O)Nc1cccc(-c2nccc(Nc3cc(C4CC4)[nH]n3)n2)c1,,,CHEMBL2016574,Bioorg Med Chem Lett,2012,"{'bei': '17.29', 'le': '0.34', 'lle': '3.55', 'sei': '5.69'}",CHEMBL2017716,,CHEMBL2017716,6.41,0,http://www.openphacts.org/units/Nanomolar,1635328,=,1,1,=,,IC50,nM,,393.0,CHEMBL1908385,Mycobacterium tuberculosis,Serine/threonine-protein kinase pknB,1773,,,IC50,uM,UO_0000065,,0.393
,,10861366,[],CHEMBL2020901,Inhibition of Mycobacterium tuberculosis GST-fused PknB expressed in Escherichia coli assessed as GarA substrate phosphorylation after 30 mins,B,,,BAO_0000190,BAO_0000019,assay format,CS(=O)(=O)c1cccc(-c2nccc(Nc3cc(C4CC4)[nH]n3)n2)c1,,,CHEMBL2016574,Bioorg Med Chem Lett,2012,"{'bei': '19.88', 'le': '0.39', 'lle': '4.18', 'sei': '7.02'}",CHEMBL2017717,,CHEMBL2017717,7.07,0,http://www.openphacts.org/units/Nanomolar,1635329,=,1,1,=,,IC50,nM,,86.0,CHEMBL1908385,Mycobacterium tuberculosis,Serine/threonine-protein kinase pknB,1773,,,IC50,uM,UO_0000065,,0.086
,,10861367,[],CHEMBL2020901,Inhibition of Mycobacterium tuberculosis GST-fused PknB expressed in Escherichia coli assessed as GarA substrate phosphorylation after 30 mins,B,,,BAO_0000190,BAO_0000019,assay format,CS(=O)(=O)NCc1ccc(-c2nccc(Nc3cc(C4CC4)[nH]n3)n2)cc1,,,CHEMBL2016574,Bioorg Med Chem Lett,2012,"{'bei': '17.21', 'le': '0.33', 'lle': '4.08', 'sei': '5.87'}",CHEMBL2017718,,CHEMBL2017718,6.62,0,http://www.openphacts.org/units/Nanomolar,1635330,=,1,1,=,,IC50,nM,,241.0,CHEMBL1908385,Mycobacterium tuberculosis,Serine/threonine-protein kinase pknB,1773,,,IC50,uM,UO_0000065,,0.241
,,10861368,[],CHEMBL2020901,Inhibition of Mycobacterium tuberculosis GST-fused PknB expressed in Escherichia coli assessed as GarA substrate phosphorylation after 30 mins,B,,,BAO_0000190,BAO_0000019,assay format,N#Cc1cccc(-c2nccc(Nc3cc(C4CC4)[nH]n3)n2)c1,,,CHEMBL2016574,Bioorg Med Chem Lett,2012,"{'bei': '23.35', 'le': '0.42', 'lle': '3.70', 'sei': '7.82'}",CHEMBL2017719,,CHEMBL2017719,7.06,0,http://www.openphacts.org/units/Nanomolar,1635331,=,1,1,=,,IC50,nM,,87.0,CHEMBL1908385,Mycobacterium tuberculosis,Serine/threonine-protein kinase pknB,1773,,,IC50,uM,UO_0000065,,0.087
,,10861369,[],CHEMBL2020901,Inhibition of Mycobacterium tuberculosis GST-fused PknB expressed in Escherichia coli assessed as GarA substrate phosphorylation after 30 mins,B,,,BAO_0000190,BAO_0000019,assay format,c1cncc(-c2nccc(Nc3cc(C4CC4)[nH]n3)n2)c1,,,CHEMBL2016574,Bioorg Med Chem Lett,2012,"{'bei': '24.05', 'le': '0.44', 'lle': '3.81', 'sei': '8.43'}",CHEMBL2017720,,CHEMBL2017720,6.70,0,http://www.openphacts.org/units/Nanomolar,1635332,=,1,1,=,,IC50,nM,,202.0,CHEMBL1908385,Mycobacterium tuberculosis,Serine/threonine-protein kinase pknB,1773,,,IC50,uM,UO_0000065,,0.202
,,10861370,[],CHEMBL2020901,Inhibition of Mycobacterium tuberculosis GST-fused PknB expressed in Escherichia coli assessed as GarA substrate phosphorylation after 30 mins,B,,,BAO_0000190,BAO_0000019,assay format,c1cc(Nc2cc(C3CC3)[nH]n2)nc(NC2CCCCC2)n1,,,CHEMBL2016574,Bioorg Med Chem Lett,2012,"{'bei': '23.71', 'le': '0.44', 'lle': '3.51', 'sei': '9.01'}",CHEMBL2017721,,CHEMBL2017721,7.08,0,http://www.openphacts.org/units/Nanomolar,1635333,=,1,1,=,,IC50,nM,,84.0,CHEMBL1908385,Mycobacterium tuberculosis,Serine/threonine-protein kinase pknB,1773,,,IC50,uM,UO_0000065,,0.084
,,10861371,[],CHEMBL2020901,Inhibition of Mycobacterium tuberculosis GST-fused PknB expressed in Escherichia coli assessed as GarA substrate phosphorylation after 30 mins,B,,,BAO_0000190,BAO_0000019,assay format,CC(C)CCNc1nccc(Nc2cc(C3CC3)[nH]n2)n1,,,CHEMBL2016574,Bioorg Med Chem Lett,2012,"{'bei': '22.53', 'le': '0.42', 'lle': '3.17', 'sei': '8.22'}",CHEMBL2017722,,CHEMBL2017722,6.45,0,http://www.openphacts.org/units/Nanomolar,1635334,=,1,1,=,,IC50,nM,,354.0,CHEMBL1908385,Mycobacterium tuberculosis,Serine/threonine-protein kinase pknB,1773,,,IC50,uM,UO_0000065,,0.354
,,10861372,[],CHEMBL2020901,Inhibition of Mycobacterium tuberculosis GST-fused PknB expressed in Escherichia coli assessed as GarA substrate phosphorylation after 30 mins,B,,,BAO_0000190,BAO_0000019,assay format,c1ccc(CNc2nccc(Nc3cc(C4CC4)[nH]n3)n2)cc1,,,CHEMBL2016574,Bioorg Med Chem Lett,2012,"{'bei': '20.06', 'le': '0.36', 'lle': '2.72', 'sei': '7.83'}",CHEMBL2017723,,CHEMBL2017723,6.15,0,http://www.openphacts.org/units/Nanomolar,1635335,=,1,1,=,,IC50,nM,,715.0,CHEMBL1908385,Mycobacterium tuberculosis,Serine/threonine-protein kinase pknB,1773,,,IC50,uM,UO_0000065,,0.715
,,10861373,[],CHEMBL2020901,Inhibition of Mycobacterium tuberculosis GST-fused PknB expressed in Escherichia coli assessed as GarA substrate phosphorylation after 30 mins,B,,,BAO_0000190,BAO_0000019,assay format,Fc1cccc(CCNc2nccc(Nc3cc(C4CC4)[nH]n3)n2)c1,,,CHEMBL2016574,Bioorg Med Chem Lett,2012,"{'bei': '21.07', 'le': '0.39', 'lle': '3.52', 'sei': '9.08'}",CHEMBL2017724,,CHEMBL2017724,7.13,0,http://www.openphacts.org/units/Nanomolar,1635336,=,1,1,=,,IC50,nM,,74.0,CHEMBL1908385,Mycobacterium tuberculosis,Serine/threonine-protein kinase pknB,1773,,,IC50,uM,UO_0000065,,0.074
,,10861374,[],CHEMBL2020901,Inhibition of Mycobacterium tuberculosis GST-fused PknB expressed in Escherichia coli assessed as GarA substrate phosphorylation after 30 mins,B,,,BAO_0000190,BAO_0000019,assay format,Clc1ccccc1CCNc1nccc(Nc2cc(C3CC3)[nH]n2)n1,,,CHEMBL2016574,Bioorg Med Chem Lett,2012,"{'bei': '20.27', 'le': '0.39', 'lle': '3.06', 'sei': '9.16'}",CHEMBL2017725,,CHEMBL2017725,7.19,0,http://www.openphacts.org/units/Nanomolar,1635337,=,1,1,=,,IC50,nM,,64.0,CHEMBL1908385,Mycobacterium tuberculosis,Serine/threonine-protein kinase pknB,1773,,,IC50,uM,UO_0000065,,0.064
,,10861375,[],CHEMBL2020901,Inhibition of Mycobacterium tuberculosis GST-fused PknB expressed in Escherichia coli assessed as GarA substrate phosphorylation after 30 mins,B,,,BAO_0000190,BAO_0000019,assay format,c1cc(Nc2cc(C3CC3)[nH]n2)nc(NCC2CC2)n1,,,CHEMBL2016574,Bioorg Med Chem Lett,2012,"{'bei': '24.65', 'le': '0.46', 'lle': '4.02', 'sei': '8.49'}",CHEMBL2017726,,CHEMBL2017726,6.66,0,http://www.openphacts.org/units/Nanomolar,1635338,=,1,1,=,,IC50,nM,,217.0,CHEMBL1908385,Mycobacterium tuberculosis,Serine/threonine-protein kinase pknB,1773,,,IC50,uM,UO_0000065,,0.217
,,10861376,[],CHEMBL2020901,Inhibition of Mycobacterium tuberculosis GST-fused PknB expressed in Escherichia coli assessed as GarA substrate phosphorylation after 30 mins,B,,,BAO_0000190,BAO_0000019,assay format,c1cc(Nc2cc(C3CC3)[nH]n2)nc(NC2CCCC2)n1,,,CHEMBL2016574,Bioorg Med Chem Lett,2012,"{'bei': '24.40', 'le': '0.45', 'lle': '3.76', 'sei': '8.84'}",CHEMBL2017727,,CHEMBL2017727,6.94,0,http://www.openphacts.org/units/Nanomolar,1635339,=,1,1,=,,IC50,nM,,115.0,CHEMBL1908385,Mycobacterium tuberculosis,Serine/threonine-protein kinase pknB,1773,,,IC50,uM,UO_0000065,,0.115
,,10861377,[],CHEMBL2020901,Inhibition of Mycobacterium tuberculosis GST-fused PknB expressed in Escherichia coli assessed as GarA substrate phosphorylation after 30 mins,B,,,BAO_0000190,BAO_0000019,assay format,CN(C)CCNc1cc(Nc2cc(C3CC3)[nH]n2)nc(-c2ccccc2)n1,,,CHEMBL2016574,Bioorg Med Chem Lett,2012,"{'bei': '19.41', 'le': '0.36', 'lle': '3.60', 'sei': '8.63'}",CHEMBL2017728,,CHEMBL2017728,7.06,0,http://www.openphacts.org/units/Nanomolar,1635340,=,1,1,=,,IC50,nM,,88.0,CHEMBL1908385,Mycobacterium tuberculosis,Serine/threonine-protein kinase pknB,1773,,,IC50,uM,UO_0000065,,0.088
,,10861378,[],CHEMBL2020901,Inhibition of Mycobacterium tuberculosis GST-fused PknB expressed in Escherichia coli assessed as GarA substrate phosphorylation after 30 mins,B,,,BAO_0000190,BAO_0000019,assay format,CN1CCN(c2cc(Nc3cc(C4CC4)[nH]n3)nc(-c3ccccc3)n2)CC1,,,CHEMBL2016574,Bioorg Med Chem Lett,2012,"{'bei': '18.42', 'le': '0.34', 'lle': '3.68', 'sei': '9.48'}",CHEMBL2017729,,CHEMBL2017729,6.92,0,http://www.openphacts.org/units/Nanomolar,1635341,=,1,1,=,,IC50,nM,,121.0,CHEMBL1908385,Mycobacterium tuberculosis,Serine/threonine-protein kinase pknB,1773,,,IC50,uM,UO_0000065,,0.121
,,10861379,[],CHEMBL2020901,Inhibition of Mycobacterium tuberculosis GST-fused PknB expressed in Escherichia coli assessed as GarA substrate phosphorylation after 30 mins,B,,,BAO_0000190,BAO_0000019,assay format,CN1CCC(CNc2cc(Nc3cc(C4CC4)[nH]n3)nc(-c3ccccc3)n2)CC1,,,CHEMBL2016574,Bioorg Med Chem Lett,2012,"{'bei': '17.99', 'le': '0.33', 'lle': '3.02', 'sei': '8.88'}",CHEMBL2017730,,CHEMBL2017730,7.26,0,http://www.openphacts.org/units/Nanomolar,1635342,=,1,1,=,,IC50,nM,,55.0,CHEMBL1908385,Mycobacterium tuberculosis,Serine/threonine-protein kinase pknB,1773,,,IC50,uM,UO_0000065,,0.055
,,10861380,[],CHEMBL2020901,Inhibition of Mycobacterium tuberculosis GST-fused PknB expressed in Escherichia coli assessed as GarA substrate phosphorylation after 30 mins,B,,,BAO_0000190,BAO_0000019,assay format,CN1CCC(Nc2cc(Nc3cc(C4CC4)[nH]n3)nc(-c3ccccc3)n2)CC1,,,CHEMBL2016574,Bioorg Med Chem Lett,2012,"{'bei': '18.32', 'le': '0.34', 'lle': '3.15', 'sei': '8.73'}",CHEMBL2017731,,CHEMBL2017731,7.14,0,http://www.openphacts.org/units/Nanomolar,1635343,=,1,1,=,,IC50,nM,,73.0,CHEMBL1908385,Mycobacterium tuberculosis,Serine/threonine-protein kinase pknB,1773,,,IC50,uM,UO_0000065,,0.073
,,10861381,[],CHEMBL2020901,Inhibition of Mycobacterium tuberculosis GST-fused PknB expressed in Escherichia coli assessed as GarA substrate phosphorylation after 30 mins,B,,,BAO_0000190,BAO_0000019,assay format,CN(C)[C@@H]1CCN(c2cc(Nc3cc(C4CC4)[nH]n3)nc(-c3ccccc3)n2)C1,,,CHEMBL2016574,Bioorg Med Chem Lett,2012,"{'bei': '18.68', 'le': '0.34', 'lle': '3.65', 'sei': '9.97'}",CHEMBL2017732,,CHEMBL2017732,7.28,0,http://www.openphacts.org/units/Nanomolar,1635344,=,1,1,=,,IC50,nM,,53.0,CHEMBL1908385,Mycobacterium tuberculosis,Serine/threonine-protein kinase pknB,1773,,,IC50,uM,UO_0000065,,0.053
,,10861382,[],CHEMBL2020901,Inhibition of Mycobacterium tuberculosis GST-fused PknB expressed in Escherichia coli assessed as GarA substrate phosphorylation after 30 mins,B,,,BAO_0000190,BAO_0000019,assay format,c1ccc(-c2nc(Nc3cc(C4CC4)[nH]n3)cc(OCCN3CCCC3)n2)cc1,,,CHEMBL2016574,Bioorg Med Chem Lett,2012,"{'bei': '18.57', 'le': '0.34', 'lle': '3.29', 'sei': '9.18'}",CHEMBL2017733,,CHEMBL2017733,7.25,0,http://www.openphacts.org/units/Nanomolar,1635345,=,1,1,=,,IC50,nM,,56.0,CHEMBL1908385,Mycobacterium tuberculosis,Serine/threonine-protein kinase pknB,1773,,,IC50,uM,UO_0000065,,0.056
,,10861383,[],CHEMBL2020901,Inhibition of Mycobacterium tuberculosis GST-fused PknB expressed in Escherichia coli assessed as GarA substrate phosphorylation after 30 mins,B,,,BAO_0000190,BAO_0000019,assay format,CN(C)[C@@H]1CCN(c2cc(Nc3cc(C4CC4)[nH]n3)nc(-c3cccc(C#N)c3)n2)C1,,,CHEMBL2016574,Bioorg Med Chem Lett,2012,"{'bei': '17.49', 'le': '0.32', 'lle': '3.75', 'sei': '7.49'}",CHEMBL2017734,,CHEMBL2017734,7.25,0,http://www.openphacts.org/units/Nanomolar,1635346,=,1,1,=,,IC50,nM,,56.0,CHEMBL1908385,Mycobacterium tuberculosis,Serine/threonine-protein kinase pknB,1773,,,IC50,uM,UO_0000065,,0.056
,,10861384,[],CHEMBL2020901,Inhibition of Mycobacterium tuberculosis GST-fused PknB expressed in Escherichia coli assessed as GarA substrate phosphorylation after 30 mins,B,,,BAO_0000190,BAO_0000019,assay format,CN(C)CCNc1cc(Nc2cc(C3CC3)[nH]n2)nc(-c2cccc(C#N)c2)n1,,,CHEMBL2016574,Bioorg Med Chem Lett,2012,"{'bei': '19.07', 'le': '0.35', 'lle': '4.08', 'sei': '7.02'}",CHEMBL2017735,,CHEMBL2017735,7.41,0,http://www.openphacts.org/units/Nanomolar,1635347,=,1,1,=,,IC50,nM,,39.0,CHEMBL1908385,Mycobacterium tuberculosis,Serine/threonine-protein kinase pknB,1773,,,IC50,uM,UO_0000065,,0.039
,,10861385,[],CHEMBL2020901,Inhibition of Mycobacterium tuberculosis GST-fused PknB expressed in Escherichia coli assessed as GarA substrate phosphorylation after 30 mins,B,,,BAO_0000190,BAO_0000019,assay format,CN1CCC(CNc2cc(Nc3cc(C4CC4)[nH]n3)nc(-c3cccc(C#N)c3)n2)CC1,,,CHEMBL2016574,Bioorg Med Chem Lett,2012,"{'bei': '17.82', 'le': '0.33', 'lle': '3.53', 'sei': '7.24'}",CHEMBL2017736,,CHEMBL2017736,7.64,0,http://www.openphacts.org/units/Nanomolar,1635348,=,1,1,=,,IC50,nM,,23.0,CHEMBL1908385,Mycobacterium tuberculosis,Serine/threonine-protein kinase pknB,1773,,,IC50,uM,UO_0000065,,0.023
,,10861386,[],CHEMBL2020901,Inhibition of Mycobacterium tuberculosis GST-fused PknB expressed in Escherichia coli assessed as GarA substrate phosphorylation after 30 mins,B,,,BAO_0000190,BAO_0000019,assay format,CN1CCC(CNc2cc(Nc3cc(C4CC4)[nH]n3)nc(-c3cccc(S(C)(=O)=O)c3)n2)CC1,,,CHEMBL2016574,Bioorg Med Chem Lett,2012,"{'bei': '15.36', 'le': '0.30', 'lle': '3.76', 'sei': '6.38'}",CHEMBL2017737,,CHEMBL2017737,7.40,0,http://www.openphacts.org/units/Nanomolar,1635349,=,1,1,=,,IC50,nM,,40.0,CHEMBL1908385,Mycobacterium tuberculosis,Serine/threonine-protein kinase pknB,1773,,,IC50,uM,UO_0000065,,0.04
,,10861387,[],CHEMBL2020901,Inhibition of Mycobacterium tuberculosis GST-fused PknB expressed in Escherichia coli assessed as GarA substrate phosphorylation after 30 mins,B,,,BAO_0000190,BAO_0000019,assay format,CN(C)[C@@H]1CCN(c2cc(Nc3ccccn3)nc(-c3cccc(C#N)c3)n2)C1,,,CHEMBL2016574,Bioorg Med Chem Lett,2012,"{'bei': '14.79', 'le': '0.27', 'lle': '2.41', 'sei': '7.04'}",CHEMBL2017738,,CHEMBL2017738,5.70,0,http://www.openphacts.org/units/Nanomolar,1635350,=,1,1,=,,IC50,nM,,1990.0,CHEMBL1908385,Mycobacterium tuberculosis,Serine/threonine-protein kinase pknB,1773,,,IC50,uM,UO_0000065,,1.99
,,10861388,[],CHEMBL2020901,Inhibition of Mycobacterium tuberculosis GST-fused PknB expressed in Escherichia coli assessed as GarA substrate phosphorylation after 30 mins,B,,,BAO_0000190,BAO_0000019,assay format,COc1ccnc(Nc2cc(N3CC[C@@H](N(C)C)C3)nc(-c3ccccc3)n2)c1,,,CHEMBL2016574,Bioorg Med Chem Lett,2012,"{'bei': '15.23', 'le': '0.28', 'lle': '2.52', 'sei': '8.95'}",CHEMBL2017739,,CHEMBL2017739,5.95,0,http://www.openphacts.org/units/Nanomolar,1635351,=,1,1,=,,IC50,nM,,1130.0,CHEMBL1908385,Mycobacterium tuberculosis,Serine/threonine-protein kinase pknB,1773,,,IC50,uM,UO_0000065,,1.13
,,10861389,[],CHEMBL2020901,Inhibition of Mycobacterium tuberculosis GST-fused PknB expressed in Escherichia coli assessed as GarA substrate phosphorylation after 30 mins,B,,,BAO_0000190,BAO_0000019,assay format,CN(C)[C@@H]1CCN(c2cc(Nc3cc(Cl)ccn3)nc(-c3ccccc3)n2)C1,,,CHEMBL2016574,Bioorg Med Chem Lett,2012,"{'bei': '17.10', 'le': '0.33', 'lle': '2.67', 'sei': '11.81'}",CHEMBL2017870,,CHEMBL2017870,6.75,0,http://www.openphacts.org/units/Nanomolar,1635516,=,1,1,=,,IC50,nM,,176.0,CHEMBL1908385,Mycobacterium tuberculosis,Serine/threonine-protein kinase pknB,1773,,,IC50,uM,UO_0000065,,0.176
,,10861390,[],CHEMBL2020901,Inhibition of Mycobacterium tuberculosis GST-fused PknB expressed in Escherichia coli assessed as GarA substrate phosphorylation after 30 mins,B,,,BAO_0000190,BAO_0000019,assay format,CN(C)[C@@H]1CCN(c2cc(Nc3cc(C(F)(F)F)ccn3)nc(-c3cccc(C#N)c3)n2)C1,,,CHEMBL2016574,Bioorg Med Chem Lett,2012,"{'bei': '16.31', 'le': '0.31', 'lle': '3.09', 'sei': '9.14'}",CHEMBL2017871,,CHEMBL2017871,7.40,0,http://www.openphacts.org/units/Nanomolar,1635517,=,1,1,=,,IC50,nM,,40.0,CHEMBL1908385,Mycobacterium tuberculosis,Serine/threonine-protein kinase pknB,1773,,,IC50,uM,UO_0000065,,0.04
,,18589679,[],CHEMBL4224118,Inhibition of Mycobacterium tuberculosis PknB (279 residues) expressed in Escherichia coli BL21 (DE3) pLysS assessed as reduction in PknB autophosphorylation preincubated for 30 mins followed by ATP addition measured after 3 hrs by Kinase Glo luminescence assay,B,,,BAO_0000190,BAO_0000019,assay format,COC(=O)/C=C/C(=O)c1ccc(OC)cc1,,,CHEMBL4219252,Bioorg Med Chem,2018,"{'bei': '21.34', 'le': '0.40', 'lle': '3.09', 'sei': '8.93'}",CHEMBL4226192,,CHEMBL4226192,4.70,0,http://www.openphacts.org/units/Nanomolar,3087319,=,1,1,=,,IC50,nM,,20000.0,CHEMBL1908385,Mycobacterium tuberculosis,Serine/threonine-protein kinase pknB,1773,,,IC50,uM,UO_0000065,,20.0
"{'action_type': 'INHIBITOR', 'description': 'Negatively effects (inhibits) the normal functioning of the protein e.g., prevention of enzymatic reaction or activation of downstream pathway', 'parent_type': 'NEGATIVE MODULATOR'}",,24989324,"[{'comments': None, 'relation': '=', 'result_flag': 0, 'standard_relation': '=', 'standard_text_value': None, 'standard_type': 'TIME', 'standard_units': 'hr', 'standard_value': '1.167', 'text_value': None, 'type': 'TIME', 'units': 'min', 'value': '70.0'}]",CHEMBL5229239,Inhibition of Mycobacterium tuberculosis recombinant PknB (1 to 331 residues) expressed in Escherichia coli BL21-Rosetta cells using GarA and ATP as substrate preincubated with enzyme for 10 mins followed by substrate addition and measured after 1 hr by ATP-competitive biochemical assay,B,,,BAO_0000190,BAO_0000219,cell-based format,CN1CCN(c2ccc(Nc3nccc(-c4cccnc4)n3)cc2C(F)(F)F)CC1,,,CHEMBL5226357,ACS Med Chem Lett,2021,"{'bei': '13.92', 'le': '0.26', 'lle': '1.72', 'sei': '10.09'}",CHEMBL5266831,,CHEMBL5266831,5.77,0,http://www.openphacts.org/units/Nanomolar,3907464,=,1,1,=,,IC50,nM,,1700.0,CHEMBL1908385,Mycobacterium tuberculosis,Serine/threonine-protein kinase pknB,1773,,,IC50,uM,UO_0000065,,1.7
"{'action_type': 'INHIBITOR', 'description': 'Negatively effects (inhibits) the normal functioning of the protein e.g., prevention of enzymatic reaction or activation of downstream pathway', 'parent_type': 'NEGATIVE MODULATOR'}",,24989325,"[{'comments': None, 'relation': '=', 'result_flag': 0, 'standard_relation': '=', 'standard_text_value': None, 'standard_type': 'TIME', 'standard_units': 'hr', 'standard_value': '1.167', 'text_value': None, 'type': 'TIME', 'units': 'min', 'value': '70.0'}]",CHEMBL5229239,Inhibition of Mycobacterium tuberculosis recombinant PknB (1 to 331 residues) expressed in Escherichia coli BL21-Rosetta cells using GarA and ATP as substrate preincubated with enzyme for 10 mins followed by substrate addition and measured after 1 hr by ATP-competitive biochemical assay,B,,,BAO_0000190,BAO_0000219,cell-based format,CN1CCN(c2ccc(Nc3nccc(-c4cnn5ncccc45)n3)cc2C(F)(F)F)CC1,,,CHEMBL5226357,ACS Med Chem Lett,2021,"{'bei': '12.82', 'le': '0.24', 'lle': '2.12', 'sei': '7.82'}",CHEMBL468963,GW779439X,CHEMBL468963,5.82,0,http://www.openphacts.org/units/Nanomolar,3907465,=,1,1,=,,IC50,nM,,1500.0,CHEMBL1908385,Mycobacterium tuberculosis,Serine/threonine-protein kinase pknB,1773,,,IC50,uM,UO_0000065,,1.5
"{'action_type': 'INHIBITOR', 'description': 'Negatively effects (inhibits) the normal functioning of the protein e.g., prevention of enzymatic reaction or activation of downstream pathway', 'parent_type': 'NEGATIVE MODULATOR'}",,24989326,"[{'comments': None, 'relation': '=', 'result_flag': 0, 'standard_relation': '=', 'standard_text_value': None, 'standard_type': 'TIME', 'standard_units': 'hr', 'standard_value': '1.167', 'text_value': None, 'type': 'TIME', 'units': 'min', 'value': '70.0'}]",CHEMBL5229239,Inhibition of Mycobacterium tuberculosis recombinant PknB (1 to 331 residues) expressed in Escherichia coli BL21-Rosetta cells using GarA and ATP as substrate preincubated with enzyme for 10 mins followed by substrate addition and measured after 1 hr by ATP-competitive biochemical assay,B,,,BAO_0000190,BAO_0000219,cell-based format,C[C@@H]1[C@@H](C)[C@H](C)O[C@@H](O[C@@H]2[C@@H](O)[C@H](OCCc3ccc(O)c(O)c3)O[C@H](CO[C@@H]3OC[C@](O)(CO)[C@H]3O)[C@H]2OC(=O)/C=C/c2ccc(O)c(O)c2)[C@@H]1C,,,CHEMBL5226357,ACS Med Chem Lett,2021,"{'bei': '7.56', 'le': '0.15', 'lle': '4.41', 'sei': '2.33'}",CHEMBL5316225,,CHEMBL5316225,5.68,0,http://www.openphacts.org/units/Nanomolar,3907466,=,1,1,=,,IC50,nM,,2100.0,CHEMBL1908385,Mycobacterium tuberculosis,Serine/threonine-protein kinase pknB,1773,,,IC50,uM,UO_0000065,,2.1
"{'action_type': 'INHIBITOR', 'description': 'Negatively effects (inhibits) the normal functioning of the protein e.g., prevention of enzymatic reaction or activation of downstream pathway', 'parent_type': 'NEGATIVE MODULATOR'}",,24989327,"[{'comments': None, 'relation': '=', 'result_flag': 0, 'standard_relation': '=', 'standard_text_value': None, 'standard_type': 'TIME', 'standard_units': 'hr', 'standard_value': '1.167', 'text_value': None, 'type': 'TIME', 'units': 'min', 'value': '70.0'}]",CHEMBL5229239,Inhibition of Mycobacterium tuberculosis recombinant PknB (1 to 331 residues) expressed in Escherichia coli BL21-Rosetta cells using GarA and ATP as substrate preincubated with enzyme for 10 mins followed by substrate addition and measured after 1 hr by ATP-competitive biochemical assay,B,,,BAO_0000190,BAO_0000219,cell-based format,CN1CCN(c2ccc(Nc3nccc(-c4ccnc(Cl)c4)n3)cc2C(F)(F)F)CC1,,,CHEMBL5226357,ACS Med Chem Lett,2021,"{'bei': '13.27', 'le': '0.26', 'lle': '1.25', 'sei': '10.42'}",CHEMBL5283441,,CHEMBL5283441,5.96,0,http://www.openphacts.org/units/Nanomolar,3907467,=,1,1,=,,IC50,nM,,1100.0,CHEMBL1908385,Mycobacterium tuberculosis,Serine/threonine-protein kinase pknB,1773,,,IC50,uM,UO_0000065,,1.1
"{'action_type': 'INHIBITOR', 'description': 'Negatively effects (inhibits) the normal functioning of the protein e.g., prevention of enzymatic reaction or activation of downstream pathway', 'parent_type': 'NEGATIVE MODULATOR'}",,24989328,"[{'comments': None, 'relation': '=', 'result_flag': 0, 'standard_relation': '=', 'standard_text_value': None, 'standard_type': 'TIME', 'standard_units': 'hr', 'standard_value': '1.167', 'text_value': None, 'type': 'TIME', 'units': 'min', 'value': '70.0'}]",CHEMBL5229239,Inhibition of Mycobacterium tuberculosis recombinant PknB (1 to 331 residues) expressed in Escherichia coli BL21-Rosetta cells using GarA and ATP as substrate preincubated with enzyme for 10 mins followed by substrate addition and measured after 1 hr by ATP-competitive biochemical assay,B,,,BAO_0000190,BAO_0000219,cell-based format,CN1CCN(c2ccc(Nc3nccc(-c4ccnc(NCc5ccccc5)c4)n3)cc2C(F)(F)F)CC1,,,CHEMBL5226357,ACS Med Chem Lett,2021,"{'bei': '9.82', 'le': '0.18', 'lle': '-0.56', 'sei': '7.37'}",CHEMBL5284844,,CHEMBL5284844,5.10,0,http://www.openphacts.org/units/Nanomolar,3907468,=,1,1,=,,IC50,nM,,7900.0,CHEMBL1908385,Mycobacterium tuberculosis,Serine/threonine-protein kinase pknB,1773,,,IC50,uM,UO_0000065,,7.9
"{'action_type': 'INHIBITOR', 'description': 'Negatively effects (inhibits) the normal functioning of the protein e.g., prevention of enzymatic reaction or activation of downstream pathway', 'parent_type': 'NEGATIVE MODULATOR'}",,24989329,"[{'comments': None, 'relation': '=', 'result_flag': 0, 'standard_relation': '=', 'standard_text_value': None, 'standard_type': 'TIME', 'standard_units': 'hr', 'standard_value': '1.167', 'text_value': None, 'type': 'TIME', 'units': 'min', 'value': '70.0'}]",CHEMBL5229239,Inhibition of Mycobacterium tuberculosis recombinant PknB (1 to 331 residues) expressed in Escherichia coli BL21-Rosetta cells using GarA and ATP as substrate preincubated with enzyme for 10 mins followed by substrate addition and measured after 1 hr by ATP-competitive biochemical assay,B,,,BAO_0000190,BAO_0000219,cell-based format,CNc1cc(-c2ccnc(Nc3ccc(N4CCN(C)CC4)c(C(F)(F)F)c3)n2)ccn1,,,CHEMBL5226357,ACS Med Chem Lett,2021,"{'bei': '11.34', 'le': '0.21', 'lle': '0.94', 'sei': '7.26'}",CHEMBL5266857,,CHEMBL5266857,5.03,0,http://www.openphacts.org/units/Nanomolar,3907469,=,1,1,=,,IC50,nM,,9400.0,CHEMBL1908385,Mycobacterium tuberculosis,Serine/threonine-protein kinase pknB,1773,,,IC50,uM,UO_0000065,,9.4
"{'action_type': 'INHIBITOR', 'description': 'Negatively effects (inhibits) the normal functioning of the protein e.g., prevention of enzymatic reaction or activation of downstream pathway', 'parent_type': 'NEGATIVE MODULATOR'}",,24989330,"[{'comments': None, 'relation': '=', 'result_flag': 0, 'standard_relation': '=', 'standard_text_value': None, 'standard_type': 'TIME', 'standard_units': 'hr', 'standard_value': '1.167', 'text_value': None, 'type': 'TIME', 'units': 'min', 'value': '70.0'}]",CHEMBL5229239,Inhibition of Mycobacterium tuberculosis recombinant PknB (1 to 331 residues) expressed in Escherichia coli BL21-Rosetta cells using GarA and ATP as substrate preincubated with enzyme for 10 mins followed by substrate addition and measured after 1 hr by ATP-competitive biochemical assay,B,,,BAO_0000190,BAO_0000219,cell-based format,CN1CCN(c2ccc(Nc3nccc(-c4ccccc4)n3)cc2C(F)(F)F)CC1,,,CHEMBL5226357,ACS Med Chem Lett,2021,"{'bei': '12.91', 'le': '0.24', 'lle': '0.68', 'sei': '12.05'}",CHEMBL5283475,,CHEMBL5283475,5.34,0,http://www.openphacts.org/units/Nanomolar,3907470,=,1,1,=,,IC50,nM,,4600.0,CHEMBL1908385,Mycobacterium tuberculosis,Serine/threonine-protein kinase pknB,1773,,,IC50,uM,UO_0000065,,4.6
,,24989331,"[{'comments': None, 'relation': '=', 'result_flag': 0, 'standard_relation': '=', 'standard_text_value': None, 'standard_type': 'TIME', 'standard_units': 'hr', 'standard_value': '1.167', 'text_value': None, 'type': 'TIME', 'units': 'min', 'value': '70.0'}]",CHEMBL5229239,Inhibition of Mycobacterium tuberculosis recombinant PknB (1 to 331 residues) expressed in Escherichia coli BL21-Rosetta cells using GarA and ATP as substrate preincubated with enzyme for 10 mins followed by substrate addition and measured after 1 hr by ATP-competitive biochemical assay,B,,,BAO_0000190,BAO_0000219,cell-based format,CN1CCN(c2ccc(Nc3nccc(-c4ccc(F)cc4)n3)cc2C(F)(F)F)CC1,,,CHEMBL5226357,ACS Med Chem Lett,2021,,CHEMBL5280561,,CHEMBL5280561,,0,http://www.openphacts.org/units/Nanomolar,3907471,>,1,1,>,,IC50,nM,,40000.0,CHEMBL1908385,Mycobacterium tuberculosis,Serine/threonine-protein kinase pknB,1773,,,IC50,uM,UO_0000065,,40.0
"{'action_type': 'INHIBITOR', 'description': 'Negatively effects (inhibits) the normal functioning of the protein e.g., prevention of enzymatic reaction or activation of downstream pathway', 'parent_type': 'NEGATIVE MODULATOR'}",,24989332,"[{'comments': None, 'relation': '=', 'result_flag': 0, 'standard_relation': '=', 'standard_text_value': None, 'standard_type': 'TIME', 'standard_units': 'hr', 'standard_value': '1.167', 'text_value': None, 'type': 'TIME', 'units': 'min', 'value': '70.0'}]",CHEMBL5229239,Inhibition of Mycobacterium tuberculosis recombinant PknB (1 to 331 residues) expressed in Escherichia coli BL21-Rosetta cells using GarA and ATP as substrate preincubated with enzyme for 10 mins followed by substrate addition and measured after 1 hr by ATP-competitive biochemical assay,B,,,BAO_0000190,BAO_0000219,cell-based format,CN1CCN(c2ccc(Nc3nccc(-c4ccc(Cl)cc4)n3)cc2C(F)(F)F)CC1,,,CHEMBL5226357,ACS Med Chem Lett,2021,"{'bei': '11.37', 'le': '0.22', 'lle': '-0.22', 'sei': '11.50'}",CHEMBL5286085,,CHEMBL5286085,5.09,0,http://www.openphacts.org/units/Nanomolar,3907472,=,1,1,=,,IC50,nM,,8100.0,CHEMBL1908385,Mycobacterium tuberculosis,Serine/threonine-protein kinase pknB,1773,,,IC50,uM,UO_0000065,,8.1
"{'action_type': 'INHIBITOR', 'description': 'Negatively effects (inhibits) the normal functioning of the protein e.g., prevention of enzymatic reaction or activation of downstream pathway', 'parent_type': 'NEGATIVE MODULATOR'}",,24989333,"[{'comments': None, 'relation': '=', 'result_flag': 0, 'standard_relation': '=', 'standard_text_value': None, 'standard_type': 'TIME', 'standard_units': 'hr', 'standard_value': '1.167', 'text_value': None, 'type': 'TIME', 'units': 'min', 'value': '70.0'}]",CHEMBL5229239,Inhibition of Mycobacterium tuberculosis recombinant PknB (1 to 331 residues) expressed in Escherichia coli BL21-Rosetta cells using GarA and ATP as substrate preincubated with enzyme for 10 mins followed by substrate addition and measured after 1 hr by ATP-competitive biochemical assay,B,,,BAO_0000190,BAO_0000219,cell-based format,Cc1ccc(-c2ccnc(Nc3ccc(N4CCN(C)CC4)c(C(F)(F)F)c3)n2)cc1,,,CHEMBL5226357,ACS Med Chem Lett,2021,"{'bei': '13.56', 'le': '0.26', 'lle': '0.83', 'sei': '13.09'}",CHEMBL5282708,,CHEMBL5282708,5.80,0,http://www.openphacts.org/units/Nanomolar,3907473,=,1,1,=,,IC50,nM,,1600.0,CHEMBL1908385,Mycobacterium tuberculosis,Serine/threonine-protein kinase pknB,1773,,,IC50,uM,UO_0000065,,1.6
"{'action_type': 'INHIBITOR', 'description': 'Negatively effects (inhibits) the normal functioning of the protein e.g., prevention of enzymatic reaction or activation of downstream pathway', 'parent_type': 'NEGATIVE MODULATOR'}",,24989334,"[{'comments': None, 'relation': '=', 'result_flag': 0, 'standard_relation': '=', 'standard_text_value': None, 'standard_type': 'TIME', 'standard_units': 'hr', 'standard_value': '1.167', 'text_value': None, 'type': 'TIME', 'units': 'min', 'value': '70.0'}]",CHEMBL5229239,Inhibition of Mycobacterium tuberculosis recombinant PknB (1 to 331 residues) expressed in Escherichia coli BL21-Rosetta cells using GarA and ATP as substrate preincubated with enzyme for 10 mins followed by substrate addition and measured after 1 hr by ATP-competitive biochemical assay,B,,,BAO_0000190,BAO_0000219,cell-based format,CN1CCN(c2ccc(Nc3nccc(-c4ccc(C#N)cc4)n3)cc2C(F)(F)F)CC1,,,CHEMBL5226357,ACS Med Chem Lett,2021,"{'bei': '12.07', 'le': '0.23', 'lle': '0.76', 'sei': '7.77'}",CHEMBL5277737,,CHEMBL5277737,5.29,0,http://www.openphacts.org/units/Nanomolar,3907474,=,1,1,=,,IC50,nM,,5100.0,CHEMBL1908385,Mycobacterium tuberculosis,Serine/threonine-protein kinase pknB,1773,,,IC50,uM,UO_0000065,,5.1
"{'action_type': 'INHIBITOR', 'description': 'Negatively effects (inhibits) the normal functioning of the protein e.g., prevention of enzymatic reaction or activation of downstream pathway', 'parent_type': 'NEGATIVE MODULATOR'}",,24989335,"[{'comments': None, 'relation': '=', 'result_flag': 0, 'standard_relation': '=', 'standard_text_value': None, 'standard_type': 'TIME', 'standard_units': 'hr', 'standard_value': '1.167', 'text_value': None, 'type': 'TIME', 'units': 'min', 'value': '70.0'}]",CHEMBL5229239,Inhibition of Mycobacterium tuberculosis recombinant PknB (1 to 331 residues) expressed in Escherichia coli BL21-Rosetta cells using GarA and ATP as substrate preincubated with enzyme for 10 mins followed by substrate addition and measured after 1 hr by ATP-competitive biochemical assay,B,,,BAO_0000190,BAO_0000219,cell-based format,CN1CCN(c2ccc(Nc3nccc(-c4ccc([N+](=O)[O-])cc4)n3)cc2C(F)(F)F)CC1,,,CHEMBL5226357,ACS Med Chem Lett,2021,"{'bei': '11.82', 'le': '0.22', 'lle': '0.85', 'sei': '6.20'}",CHEMBL5273566,,CHEMBL5273566,5.42,0,http://www.openphacts.org/units/Nanomolar,3907475,=,1,1,=,,IC50,nM,,3800.0,CHEMBL1908385,Mycobacterium tuberculosis,Serine/threonine-protein kinase pknB,1773,,,IC50,uM,UO_0000065,,3.8
"{'action_type': 'INHIBITOR', 'description': 'Negatively effects (inhibits) the normal functioning of the protein e.g., prevention of enzymatic reaction or activation of downstream pathway', 'parent_type': 'NEGATIVE MODULATOR'}",,24989336,"[{'comments': None, 'relation': '=', 'result_flag': 0, 'standard_relation': '=', 'standard_text_value': None, 'standard_type': 'TIME', 'standard_units': 'hr', 'standard_value': '1.167', 'text_value': None, 'type': 'TIME', 'units': 'min', 'value': '70.0'}]",CHEMBL5229239,Inhibition of Mycobacterium tuberculosis recombinant PknB (1 to 331 residues) expressed in Escherichia coli BL21-Rosetta cells using GarA and ATP as substrate preincubated with enzyme for 10 mins followed by substrate addition and measured after 1 hr by ATP-competitive biochemical assay,B,,,BAO_0000190,BAO_0000219,cell-based format,CN1CCN(c2ccc(Nc3nccc(-c4cccc(F)c4)n3)cc2C(F)(F)F)CC1,,,CHEMBL5226357,ACS Med Chem Lett,2021,"{'bei': '12.09', 'le': '0.23', 'lle': '0.41', 'sei': '11.77'}",CHEMBL5285809,,CHEMBL5285809,5.21,0,http://www.openphacts.org/units/Nanomolar,3907476,=,1,1,=,,IC50,nM,,6100.0,CHEMBL1908385,Mycobacterium tuberculosis,Serine/threonine-protein kinase pknB,1773,,,IC50,uM,UO_0000065,,6.1
"{'action_type': 'INHIBITOR', 'description': 'Negatively effects (inhibits) the normal functioning of the protein e.g., prevention of enzymatic reaction or activation of downstream pathway', 'parent_type': 'NEGATIVE MODULATOR'}",,24989337,"[{'comments': None, 'relation': '=', 'result_flag': 0, 'standard_relation': '=', 'standard_text_value': None, 'standard_type': 'TIME', 'standard_units': 'hr', 'standard_value': '1.167', 'text_value': None, 'type': 'TIME', 'units': 'min', 'value': '70.0'}]",CHEMBL5229239,Inhibition of Mycobacterium tuberculosis recombinant PknB (1 to 331 residues) expressed in Escherichia coli BL21-Rosetta cells using GarA and ATP as substrate preincubated with enzyme for 10 mins followed by substrate addition and measured after 1 hr by ATP-competitive biochemical assay,B,,,BAO_0000190,BAO_0000219,cell-based format,CN1CCN(c2ccc(Nc3nccc(-c4cccc(Cl)c4)n3)cc2C(F)(F)F)CC1,,,CHEMBL5226357,ACS Med Chem Lett,2021,"{'bei': '11.98', 'le': '0.24', 'lle': '0.06', 'sei': '12.12'}",CHEMBL5283041,,CHEMBL5283041,5.37,0,http://www.openphacts.org/units/Nanomolar,3907477,=,1,1,=,,IC50,nM,,4300.0,CHEMBL1908385,Mycobacterium tuberculosis,Serine/threonine-protein kinase pknB,1773,,,IC50,uM,UO_0000065,,4.3
"{'action_type': 'INHIBITOR', 'description': 'Negatively effects (inhibits) the normal functioning of the protein e.g., prevention of enzymatic reaction or activation of downstream pathway', 'parent_type': 'NEGATIVE MODULATOR'}",,24989338,"[{'comments': None, 'relation': '=', 'result_flag': 0, 'standard_relation': '=', 'standard_text_value': None, 'standard_type': 'TIME', 'standard_units': 'hr', 'standard_value': '1.167', 'text_value': None, 'type': 'TIME', 'units': 'min', 'value': '70.0'}]",CHEMBL5229239,Inhibition of Mycobacterium tuberculosis recombinant PknB (1 to 331 residues) expressed in Escherichia coli BL21-Rosetta cells using GarA and ATP as substrate preincubated with enzyme for 10 mins followed by substrate addition and measured after 1 hr by ATP-competitive biochemical assay,B,,,BAO_0000190,BAO_0000219,cell-based format,COc1cccc(-c2ccnc(Nc3ccc(N4CCN(C)CC4)c(C(F)(F)F)c3)n2)c1,,,CHEMBL5226357,ACS Med Chem Lett,2021,"{'bei': '11.68', 'le': '0.22', 'lle': '0.51', 'sei': '9.68'}",CHEMBL5277619,,CHEMBL5277619,5.18,0,http://www.openphacts.org/units/Nanomolar,3907478,=,1,1,=,,IC50,nM,,6600.0,CHEMBL1908385,Mycobacterium tuberculosis,Serine/threonine-protein kinase pknB,1773,,,IC50,uM,UO_0000065,,6.6
"{'action_type': 'INHIBITOR', 'description': 'Negatively effects (inhibits) the normal functioning of the protein e.g., prevention of enzymatic reaction or activation of downstream pathway', 'parent_type': 'NEGATIVE MODULATOR'}",,24989339,"[{'comments': None, 'relation': '=', 'result_flag': 0, 'standard_relation': '=', 'standard_text_value': None, 'standard_type': 'TIME', 'standard_units': 'hr', 'standard_value': '1.167', 'text_value': None, 'type': 'TIME', 'units': 'min', 'value': '70.0'}]",CHEMBL5229239,Inhibition of Mycobacterium tuberculosis recombinant PknB (1 to 331 residues) expressed in Escherichia coli BL21-Rosetta cells using GarA and ATP as substrate preincubated with enzyme for 10 mins followed by substrate addition and measured after 1 hr by ATP-competitive biochemical assay,B,,,BAO_0000190,BAO_0000219,cell-based format,CN1CCN(c2ccc(Nc3nccc(-c4cccc(C#N)c4)n3)cc2C(F)(F)F)CC1,,,CHEMBL5226357,ACS Med Chem Lett,2021,"{'bei': '12.78', 'le': '0.24', 'lle': '1.07', 'sei': '8.23'}",CHEMBL5280226,,CHEMBL5280226,5.60,0,http://www.openphacts.org/units/Nanomolar,3907479,=,1,1,=,,IC50,nM,,2500.0,CHEMBL1908385,Mycobacterium tuberculosis,Serine/threonine-protein kinase pknB,1773,,,IC50,uM,UO_0000065,,2.5
"{'action_type': 'INHIBITOR', 'description': 'Negatively effects (inhibits) the normal functioning of the protein e.g., prevention of enzymatic reaction or activation of downstream pathway', 'parent_type': 'NEGATIVE MODULATOR'}",,24989340,"[{'comments': None, 'relation': '=', 'result_flag': 0, 'standard_relation': '=', 'standard_text_value': None, 'standard_type': 'TIME', 'standard_units': 'hr', 'standard_value': '1.167', 'text_value': None, 'type': 'TIME', 'units': 'min', 'value': '70.0'}]",CHEMBL5229239,Inhibition of Mycobacterium tuberculosis recombinant PknB (1 to 331 residues) expressed in Escherichia coli BL21-Rosetta cells using GarA and ATP as substrate preincubated with enzyme for 10 mins followed by substrate addition and measured after 1 hr by ATP-competitive biochemical assay,B,,,BAO_0000190,BAO_0000219,cell-based format,CN1CCN(c2ccc(Nc3nccc(-c4cccc([N+](=O)[O-])c4)n3)cc2C(F)(F)F)CC1,,,CHEMBL5226357,ACS Med Chem Lett,2021,"{'bei': '12.92', 'le': '0.25', 'lle': '1.35', 'sei': '6.77'}",CHEMBL5282194,,CHEMBL5282194,5.92,0,http://www.openphacts.org/units/Nanomolar,3907480,=,1,1,=,,IC50,nM,,1200.0,CHEMBL1908385,Mycobacterium tuberculosis,Serine/threonine-protein kinase pknB,1773,,,IC50,uM,UO_0000065,,1.2
"{'action_type': 'INHIBITOR', 'description': 'Negatively effects (inhibits) the normal functioning of the protein e.g., prevention of enzymatic reaction or activation of downstream pathway', 'parent_type': 'NEGATIVE MODULATOR'}",,24989341,"[{'comments': None, 'relation': '=', 'result_flag': 0, 'standard_relation': '=', 'standard_text_value': None, 'standard_type': 'TIME', 'standard_units': 'hr', 'standard_value': '1.167', 'text_value': None, 'type': 'TIME', 'units': 'min', 'value': '70.0'}]",CHEMBL5229239,Inhibition of Mycobacterium tuberculosis recombinant PknB (1 to 331 residues) expressed in Escherichia coli BL21-Rosetta cells using GarA and ATP as substrate preincubated with enzyme for 10 mins followed by substrate addition and measured after 1 hr by ATP-competitive biochemical assay,B,,,BAO_0000190,BAO_0000219,cell-based format,CN1CCN(c2ccc(Nc3nccc(-c4ccc5ccccc5c4)n3)cc2C(F)(F)F)CC1,,,CHEMBL5226357,ACS Med Chem Lett,2021,"{'bei': '11.80', 'le': '0.22', 'lle': '-0.34', 'sei': '12.35'}",CHEMBL5277580,,CHEMBL5277580,5.47,0,http://www.openphacts.org/units/Nanomolar,3907481,=,1,1,=,,IC50,nM,,3400.0,CHEMBL1908385,Mycobacterium tuberculosis,Serine/threonine-protein kinase pknB,1773,,,IC50,uM,UO_0000065,,3.4
